split,rows,ratio,seed
train,129,0.6972972972972973,42
val,27,0.14594594594594595,42
test,29,0.15675675675675677,42
