split,rows,ratio,seed
train,186,0.6992481203007519,42
val,39,0.14661654135338345,42
test,41,0.15413533834586465,42
