label,f1,precision,recall,support
timetabling,0.8,0.8571428571428571,0.75,8
extenuating_circumstances,0.7692307692307693,0.7142857142857143,0.8333333333333334,6
feedback,0.7142857142857143,0.7142857142857143,0.7142857142857143,7
assessment,0.6153846153846154,0.48,0.8571428571428571,14
admin,0.5161290322580645,0.34782608695652173,1.0,8
resources,0.42105263157894735,0.2857142857142857,0.8,5
