split,loss,f1_micro,f1_macro,precision_micro,recall_micro,runtime,samples_per_second,steps_per_second,threshold_type
validation,0.9755013585090637,0.6176470588235294,0.6016743284235543,0.5121951219512195,0.7777777777777778,6.6138,5.897,0.756,per_label
test,0.8818888664245605,0.5755395683453237,0.5997226180920712,0.43956043956043955,0.8333333333333334,6.3734,6.433,0.941,per_label
