split,eval_loss,eval_f1_micro,eval_f1_macro,eval_precision_micro,eval_recall_micro,eval_runtime,eval_samples_per_second,eval_steps_per_second,epoch,threshold_type
validation,0.9755013585090637,0.6176470588235294,0.6016743284235543,0.5121951219512195,0.7777777777777778,6.4577,6.039,0.774,6.0,per_label
test,0.8818888664245605,0.5755395683453237,0.5997226180920712,0.43956043956043955,0.8333333333333334,6.3699,6.437,0.942,6.0,per_label
