split,eval_loss,eval_f1_micro,eval_f1_macro,eval_precision_micro,eval_recall_micro,eval_runtime,eval_samples_per_second,eval_steps_per_second,epoch,threshold_type
validation,1.1011325120925903,0.5859872611464968,0.5886665192392747,0.44660194174757284,0.8518518518518519,7.9915,4.88,0.626,4.0,per_label
test,1.0092179775238037,0.5620915032679739,0.5784743081856835,0.4095238095238095,0.8958333333333334,9.2057,4.454,0.652,4.0,per_label
