label,f1,precision,recall,support
timetabling,0.8571428571428571,1.0,0.75,4
feedback,0.8571428571428571,1.0,0.75,4
resources,0.7142857142857143,0.625,0.8333333333333334,6
assessment,0.5714285714285714,0.8,0.4444444444444444,9
admin,0.4,0.4,0.4,5
extenuating_circumstances,0.3333333333333333,0.2,1.0,1
