label,f1,precision,recall,support
feedback,1.0,1.0,1.0,4
timetabling,0.8,0.6666666666666666,1.0,4
resources,0.75,0.6,1.0,6
admin,0.7142857142857143,0.5555555555555556,1.0,5
assessment,0.6086956521739131,0.5,0.7777777777777778,9
extenuating_circumstances,0.4,0.25,1.0,1
