label,f1,precision,recall,support
extenuating_circumstances,0.9230769230769231,0.8571428571428571,1.0,6
timetabling,0.8571428571428571,1.0,0.75,8
feedback,0.75,0.6666666666666666,0.8571428571428571,7
admin,0.6666666666666666,0.6,0.75,8
assessment,0.6153846153846154,0.6666666666666666,0.5714285714285714,14
resources,0.47619047619047616,0.3125,1.0,5
