split,loss,f1_micro,f1_macro,precision_micro,recall_micro,runtime,samples_per_second,steps_per_second,threshold
validation,0.7360955476760864,0.6419753086419753,0.6747436773752563,0.52,0.8387096774193549,7.859,3.436,0.509,0.5500000000000002
test,0.6151626110076904,0.6923076923076923,0.6857085346215781,0.5510204081632653,0.9310344827586207,6.104,4.751,0.655,0.5500000000000002
